<?xml version="1.0" encoding="UTF-8"?>
<beans xmlns="http://www.springframework.org/schema/beans"
  xmlns:xsi="http://www.w3.org/2001/XMLSchema-instance"
  xmlns:context="http://www.springframework.org/schema/context"
  xmlns:aop="http://www.springframework.org/schema/aop"
  xmlns:tx="http://www.springframework.org/schema/tx"
  xmlns:p="http://www.springframework.org/schema/p"
  xsi:schemaLocation="http://www.springframework.org/schema/beans http://www.springframework.org/schema/beans/spring-beans.xsd
    http://www.springframework.org/schema/context http://www.springframework.org/schema/context/spring-context-4.3.xsd
    http://www.springframework.org/schema/aop http://www.springframework.org/schema/aop/spring-aop-4.3.xsd
    http://www.springframework.org/schema/tx http://www.springframework.org/schema/tx/spring-tx-4.3.xsd">
  
  <!-- mybatis설정 -->
  <!-- mybatis db연결 객체 -->
  <bean id="sqlSessionTemplate" class="org.mybatis.spring.SqlSessionTemplate">
  <!-- sqlSessionFactoryBean: mybatis설정 파일 read -->
    <constructor-arg index="0" ref="sqlSessionFactoryBean"></constructor-arg>
  </bean>
  <!-- *.xml mybatis설정 파일 read 
    mybatis-config.xml
    mapper: anno.xml
  -->
  <bean id="sqlSessionFactoryBean" class="org.mybatis.spring.SqlSessionFactoryBean">
    <property name="dataSource" ref="dataSource"/>
    <property name="configLocation" value="classpath:mybatis-config.xml"/>
    <property name="mapperLocations" value="classpath:mapper/**/*.xml"></property>
  </bean>
  
  <!-- 트랜잭션 어드바이스 설정 
    지금까지 Advice는 직접 구현했지만 트랜잭션 관리 기능의 어드바이스는 직접 구현하지 않는다.
    스프링 컨테이너가 <tx:advice>를 창조해서 자동 생성한다.
   -->
  <tx:advice id="txAdvice" transaction-manager="transactionManager">
    <tx:attributes>
      <!-- do*로 시작하는 메서드는 트랜잭션관리 대상에서 제외 -->
      <tx:method name="do*" read-only="true"/>
      
      <!-- up*으로 시작하는 메서드는 트랜잭션 관리 대상 -->
      <tx:method name="up*" read-only="false" rollback-for="Exception"/>
    </tx:attributes>
  </tx:advice>
  
  <!-- advisor: pointcut+advice 
          * com.pcwk.ehr.업무구분.*Impl.up*(..)
            com.pcwk.ehr.user.service
  -->
  <aop:config>
    <aop:pointcut expression="execution(* com.pcwk.ehr..*Impl.*(..))" id="txPointCut"/>
    <aop:advisor advice-ref="txAdvice" pointcut-ref="txPointCut"/>
  </aop:config>
  
  <!-- DataSourceTransactionManager -->
  <bean id="transactionManager" class="org.springframework.jdbc.datasource.DataSourceTransactionManager">
    <property name="dataSource" ref="dataSource"/>
  </bean>
  
  <bean id="jdbcTemplate" class="org.springframework.jdbc.core.JdbcTemplate">
    <property name="dataSource" ref="dataSource"></property>
  </bean>
  
  <!-- Advice 부가기능 : logging -->
  <!-- <bean id="aroundAdvice" class="com.pcwk.ehr.aspect.PerformanceAroundAdvice"></bean> -->
  
  <!-- 성능측정 -->
  <aop:config>
    <aop:pointcut expression="execution(* com.pcwk.ehr..*Impl.notRun*(..))" id="allPointCut"/>
    <aop:aspect ref="aroundAdvice">
    <aop:around method="performanceAdvice" pointcut-ref="allPointCut"/>
     </aop:aspect>
 
  </aop:config>
  
  <!-- 개발용 DummyMailSender -->
  <!-- <bean id="dummyMailsender" class="com.pcwk.ehr.user.service.DummyMailSender" ></bean> -->
  <!-- JavaMailSenderImpl -->
  <bean id="mailSenderImpl"
    class="org.springframework.mail.javamail.JavaMailSenderImpl">
    <property name="host" value="smtp.naver.com"></property>
    <property name="port" value="465" />
    <property name="username" value="turquois1218@naver.com" />
    <property name="password" value="tjwns0513$" />
    <property name="defaultEncoding" value="utf-8" />
    <property name="javaMailProperties">
      <props>
        <prop key="mail.smtp.host">smtp.naver.com</prop>
        <prop key="mail.smtp.port">465</prop>
        <prop key="mail.smtp.auth">true</prop>
        <prop key="mail.smtp.ssl.protocols">TLSv1.2</prop>
        <prop key="mail.smtp.ssl.enable">true</prop>
        <prop key="mail.smtp.ssl.trust">smtp.naver.com</prop>
        <prop key="mail.debug">true</prop>
      </props>
    </property>
  </bean>

  <!-- 등업 -->

<!-- <bean id="userService" class="com.pcwk.ehr.user.service.UserServiceImpl">
    <property name="dataSource" ref="dataSource" />
    <property name="transactionManager" ref="transactionManager" />
    <property name="mailSender" ref="mailSenderImpl" />
    <property name="mailSender" ref="dummyMailsender"/>
</bean>   -->


<!--  <bean id="dataSource"
    class="org.springframework.jdbc.datasource.SimpleDriverDataSource">
    <property name="driverClass" value="oracle.jdbc.driver.OracleDriver"></property>
    <property name="url" value="jdbc:oracle:thin:@192.168.0.123:1521:XE"></property>
    <property name="username" value="scott"></property>
    <property name="password" value="pcwk"></property>
  </bean> -->
  
  <!-- database.properties -->
  <context:property-placeholder location="classpath:/resource/config/database.properties"/>
  <!-- Connection Pool -->
  <bean id="dataSource" class="org.apache.commons.dbcp.BasicDataSource">
    <property name="driverClassName" value="${jdbc.driver}"/>
    <property name="url" value="${jdbc.url}"/>
    <property name="username" value="${jdbc.username}"/>
    <property name="password" value="${jdbc.password}"/>
    
    <!-- 최대 접속 허용 갯수 -->
    <property name="maxActive" value="${jdbc.maxActive}"/>
    
    <!-- 여분으로 남겨질 Connection -->
    <property name="maxIdle" value="${jdbc.maxIdle}"/>
    
    <!-- DB연결 대기시간(milsec) -->
    <property name="maxWait" value="${jdbc.maxWait}"/>
    
    <!-- Connection 잘못 관리되어 버려진 연결 찾아 재활용 -->
    <property name="removeAbandoned" value="${jdbc.removeAbandoned}"/>
    
    <!-- 버려진 연결로 인식할 기본 시간  -->
    <property name="removeAbandonedTimeout" value="${jdbc.removeAbandonedTimeout}"/>
  </bean>

  <!-- setter통한 주입 setConnectionMaker : set생략, 첫글자를 소문자로 변환 ref : setConnectionMaker(ConnectionMaker 
    connectionMaker) -->
<!--    <bean id="userDao" class="com.pcwk.ehr.user.dao.UserDaoImpl">
    <property name="dataSource" ref="dataSource"></property>
  </bean>   -->

</beans>
